{"C": 2.2487471047336838, "gamma": 0.0982690540736254, "features": ["x103", "x106", "x102", "x105"], "test_score": 6350.0}