{"Rice_Cammeo_Osmancik": [0.02254810636962518, 0.02254810636962518, 0.02254810636962518, 0.02254810636962518, 0.02254810636962518, 0.02254810636962518, 0.02254810636962518, 0.02254810636962518, 0.02254810636962518, 0.02254810636962518, 0.02254810636962518], "Online_Shoppers_intention": [-0.20281122011593555, -0.20281122011593555, -0.20281122011593555, -0.20281122011593555, -0.20281122011593555, -0.20281122011593555, -0.20281122011593555, -0.20281122011593555, -0.20281122011593555, -0.20281122011593555, -0.20281122011593555], "Dataset_for_Link_Phishing": [0.0524453137557476, 0.0524453137557476, 0.0524453137557476, 0.0524453137557476, 0.0524453137557476, 0.0524453137557476, 0.0524453137557476, 0.0524453137557476, 0.0524453137557476, 0.0524453137557476, 0.0524453137557476], "Banknote_Authentication": [-0.12437605034130027, -0.12437605034130027, -0.12437605034130027, -0.12437605034130027, -0.12437605034130027, -0.12437605034130027, -0.12437605034130027, -0.12437605034130027, -0.12437605034130027, -0.12437605034130027, -0.12437605034130027], "Optdigits": [-0.45452136080088745, -0.45452136080088745, -0.45452136080088745, -0.45452136080088745, -0.45452136080088745, -0.45452136080088745, -0.45452136080088745, -0.45452136080088745, -0.45452136080088745, -0.45452136080088745, -0.45452136080088745], "EEG_Eye_State": [0.5834136021317463, 0.5834136021317463, 0.5834136021317463, 0.5834136021317463, 0.5834136021317463, 0.5834136021317463, 0.5834136021317463, 0.5834136021317463, 0.5834136021317463, 0.5834136021317463, 0.5834136021317463], "Web_Page_Phishing": [0.23373915445155166, 0.23373915445155166, 0.23373915445155166, 0.23373915445155166, 0.23373915445155166, 0.23373915445155166, 0.23373915445155166, 0.23373915445155166, 0.23373915445155166, 0.23373915445155166, 0.23373915445155166], "Statlog_Shuttle": [0.3384675249612391, 0.3384675249612391, 0.3384675249612391, 0.3384675249612391, 0.3384675249612391, 0.3384675249612391, 0.3384675249612391, 0.3384675249612391, 0.3384675249612391, 0.3384675249612391, 0.3384675249612391], "Airline_Passenger_Satisfaction": [0.1470181142968524, 0.1470181142968524, 0.1470181142968524, 0.1470181142968524, 0.1470181142968524, 0.1470181142968524, 0.1470181142968524, 0.1470181142968524, 0.1470181142968524, 0.1470181142968524, 0.1470181142968524]}