{"C": 0.9154978640508085, "gamma": 0.12115161742051325, "features": ["x103", "x106", "x101", "x5", "x102", "x105"], "test_score": 6200.0}