{"C": 0.008240420137504931, "gamma": 0.3285760309512633, "features": ["x103", "x106", "x101", "x105"], "test_score": 6550.0}