{"C": 6.221424355821002, "gamma": 0.14418506356176453, "features": ["x103", "x106", "x101", "x102", "x105"], "test_score": 6450.0}