{"C": 2.606677274193146, "gamma": 0.007779568803042781, "features": ["x103", "x101", "x102", "x105"], "test_score": 6450.0}