{"C": 0.5206287425034076, "gamma": 0.026405061638213656, "features": ["x103", "x106", "x101", "x102"], "test_score": 6550.0}