{"C": 0.28072768606497206, "gamma": 0.11953644065108483, "features": ["x106", "x101", "x102", "x105"], "test_score": 6200.0}